id,first_name,last_name,email,gender,ip_address
1,Xaviera,Fraczak,xfraczak0@ycombinator.com,Female,172.84.196.226
2,Gail,Penson,gpenson1@instagram.com,Male,88.166.5.159
3,Kris,Goch,kgoch2@msn.com,Female,20.39.155.110
4,Mabel,Arenson,marenson3@google.com.br,Female,26.123.244.122
5,Amelia,Cucinotta,acucinotta4@umn.edu,Female,184.113.51.248
6,Gillan,Magnar,gmagnar5@google.co.uk,Female,70.202.238.103
7,Val,McGinnell,vmcginnell6@about.com,Male,122.100.152.32
8,Valentina,Reavey,vreavey7@icio.us,Polygender,152.106.111.142
9,Erin,Bullene,ebullene8@fema.gov,Male,95.194.221.73
10,Ray,Terram,rterram9@irs.gov,Non-binary,140.244.150.177
11,Fanya,Pawelski,fpawelskia@wufoo.com,Female,1.64.221.93
12,Cassie,Fyfield,cfyfieldb@imgur.com,Male,41.84.30.201
13,Tobias,Queyos,tqueyosc@hud.gov,Male,36.127.41.18
14,Myrwyn,Osgardby,mosgardbyd@indiatimes.com,Male,231.11.119.161
15,Maureene,McParland,mmcparlande@cnn.com,Female,208.239.217.181
16,Nessie,MacBean,nmacbeanf@ezinearticles.com,Female,90.94.132.191
17,Ryan,Huskisson,rhuskissong@opera.com,Male,95.221.220.18
18,Jeane,Belmont,jbelmonth@sogou.com,Female,188.106.245.227
19,Freddy,Giraldon,fgiraldoni@friendfeed.com,Male,17.23.215.200
20,Modesty,O'Keeffe,mokeeffej@123-reg.co.uk,Female,86.235.95.203
21,Kellina,Joly,kjolyk@printfriendly.com,Female,117.232.231.177
22,Freeland,Ammer,fammerl@go.com,Male,233.212.132.102
23,Leoine,Drowsfield,ldrowsfieldm@google.com.br,Female,75.92.241.205
24,Cahra,Doak,cdoakn@so-net.ne.jp,Female,255.5.62.30
25,Fletcher,Gulley,fgulleyo@weather.com,Male,7.128.12.159
26,Morry,Maltman,mmaltmanp@noaa.gov,Male,217.215.195.155
27,Jakie,Houseman,jhousemanq@purevolume.com,Male,224.182.37.228
28,Mata,Capron,mcapronr@netscape.com,Male,24.12.180.153
29,Paulette,Elstone,pelstones@drupal.org,Female,9.107.159.213
30,Carl,Lygoe,clygoet@51.la,Male,115.99.180.101
31,Ervin,Wenman,ewenmanu@yolasite.com,Male,179.3.79.105
32,Yehudi,Padbury,ypadburyv@wordpress.org,Male,254.156.55.65
33,Klarika,Cleevely,kcleevelyw@cafepress.com,Female,19.188.225.105
34,Bay,Gravell,bgravellx@naver.com,Male,153.111.107.65
35,Harman,Zoppo,hzoppoy@mozilla.org,Male,108.172.228.96
36,Tyrus,Ikringill,tikringillz@domainmarket.com,Male,251.227.14.131
37,Warde,Ravel,wravel10@xing.com,Male,69.104.97.87
38,Fanni,Muller,fmuller11@cocolog-nifty.com,Female,235.35.251.177
39,Meredith,Tomankowski,mtomankowski12@bbb.org,Male,215.202.130.162
40,Sancho,Maccaig,smaccaig13@mit.edu,Male,75.76.208.70
41,Emery,Kochl,ekochl14@ifeng.com,Male,158.154.32.95
42,Avivah,Charlwood,acharlwood15@mayoclinic.com,Female,9.2.18.96
43,Terrie,Alennikov,talennikov16@mapy.cz,Female,232.93.159.187
44,Lyssa,Guerro,lguerro17@baidu.com,Female,227.232.225.80
45,Oneida,Ortells,oortells18@ucsd.edu,Female,133.56.60.140
46,Louella,Stephens,lstephens19@epa.gov,Female,57.184.9.216
47,Garvey,Lehrer,glehrer1a@qq.com,Male,253.33.239.132
48,Abba,Blazewski,ablazewski1b@businessweek.com,Male,196.97.75.31
49,Tanner,Penney,tpenney1c@huffingtonpost.com,Male,96.242.241.160
50,Gerry,Posselwhite,gposselwhite1d@alibaba.com,Female,111.193.207.189
51,Darya,Petrulis,dpetrulis1e@github.com,Female,52.169.215.151
52,Harriott,Jenne,hjenne1f@constantcontact.com,Female,65.216.179.219
53,Domenic,Stuttard,dstuttard1g@admin.ch,Non-binary,152.88.16.105
54,El,Milius,emilius1h@engadget.com,Male,21.182.143.216
55,Dugald,Leyzell,dleyzell1i@cdc.gov,Male,99.92.208.91
56,Austina,Aron,aaron1j@latimes.com,Female,230.177.138.142
57,Raffarty,Gilardone,rgilardone1k@skyrock.com,Genderfluid,191.101.24.1
58,Bev,Vasilyev,bvasilyev1l@fema.gov,Female,238.187.167.46
59,Bancroft,Normanton,bnormanton1m@deviantart.com,Male,34.200.169.33
60,Louis,Ricoald,lricoald1n@skyrock.com,Male,138.217.139.38
61,Jemmie,Greydon,jgreydon1o@technorati.com,Female,138.71.14.178
62,Laurene,McNaught,lmcnaught1p@livejournal.com,Female,151.226.159.85
63,Gray,Ludman,gludman1q@columbia.edu,Male,208.115.243.57
64,Gillian,Parres,gparres1r@yahoo.co.jp,Polygender,38.48.120.118
65,Aleece,Vernazza,avernazza1s@about.com,Polygender,68.216.243.223
66,Simon,Capstaff,scapstaff1t@mediafire.com,Male,236.253.109.190
67,Evania,Egginton,eegginton1u@oakley.com,Female,28.220.45.45
68,Kingston,Sharman,ksharman1v@wordpress.com,Male,125.26.78.146
69,Amberly,Skirlin,askirlin1w@cpanel.net,Female,130.94.177.71
70,Cletis,Calvert,ccalvert1x@cloudflare.com,Male,156.9.150.210
71,Joline,Nossent,jnossent1y@webnode.com,Female,175.80.50.188
72,Jess,Bennington,jbennington1z@ustream.tv,Female,171.207.124.7
73,Gradeigh,Alvey,galvey20@livejournal.com,Male,128.130.175.218
74,Berty,Scoggan,bscoggan21@smh.com.au,Male,82.96.45.125
75,Morten,Hasney,mhasney22@java.com,Male,84.59.246.138
76,Axe,Lupton,alupton23@bluehost.com,Male,46.23.163.175
77,Herminia,O'Leary,holeary24@naver.com,Female,106.72.27.42
78,Anastassia,Kirkby,akirkby25@hostgator.com,Genderfluid,82.183.167.39
79,Kass,Dewsbury,kdewsbury26@plala.or.jp,Genderqueer,226.75.198.32
80,Piggy,Williamson,pwilliamson27@gnu.org,Male,174.228.65.59
81,Aryn,Drain,adrain28@bandcamp.com,Polygender,182.217.115.164
82,Melony,Brugsma,mbrugsma29@uol.com.br,Female,219.130.225.164
83,Sampson,Varfolomeev,svarfolomeev2a@rediff.com,Male,164.140.146.83
84,Arturo,Danit,adanit2b@com.com,Genderqueer,172.84.195.33
85,Onfre,Coddrington,ocoddrington2c@arstechnica.com,Male,234.182.136.75
86,Hart,Rasher,hrasher2d@webeden.co.uk,Male,229.109.27.195
87,Wesley,Espinazo,wespinazo2e@abc.net.au,Non-binary,87.54.139.78
88,Lesly,Seary,lseary2f@webs.com,Female,242.14.69.1
89,Gertruda,Ledingham,gledingham2g@newsvine.com,Female,62.166.0.222
90,Emery,Tesoe,etesoe2h@g.co,Male,229.254.87.11
91,Ekaterina,Yurchenko,eyurchenko2i@yellowbook.com,Female,198.137.253.31
92,Patrica,Matcham,pmatcham2j@bbb.org,Female,252.50.144.247
93,Leigha,Whittier,lwhittier2k@feedburner.com,Female,222.26.166.129
94,Ellissa,England,eengland2l@paginegialle.it,Female,121.224.89.65
95,Jessalyn,Kollach,jkollach2m@google.es,Female,161.118.178.50
96,Grenville,Jostan,gjostan2n@t.co,Male,124.96.110.119
97,Dominique,Jiru,djiru2o@cdc.gov,Male,92.126.188.134
98,Imogene,Romaynes,iromaynes2p@bluehost.com,Female,5.239.54.166
99,Jess,Brikner,jbrikner2q@mashable.com,Female,129.9.217.196
100,Hy,Roycroft,hroycroft2r@fastcompany.com,Male,241.99.22.138
